{
  "1.0": 0.093999996781349,
  "1.5": 0.135137438774109,
  "2.0": 0.166397869586945,
  "2.5": 0.1926509141922,
  "3.0": 0.215732470154762,
  "3.5": 0.236572653055191,
  "4.0": 0.255720049142838,
  "4.5": 0.27353036403656,
  "5.0": 0.290249884128571,
  "5.5": 0.306057393550873,
  "6.0": 0.321087598800659,
  "6.5": 0.335445046424866,
  "7.0": 0.349212676286697,
  "7.5": 0.362457722425461,
  "8.0": 0.375235587358475,
  "8.5": 0.387592405080795,
  "9.0": 0.399567276239395,
  "9.5": 0.411193549633026,
  "10.0": 0.422500014305115,
  "10.5": 0.432926416397095,
  "11.0": 0.443107545375824,
  "11.5": 0.453059941530228,
  "12.0": 0.46279838681221,
  "12.5": 0.472336083650589,
  "13.0": 0.481684952974319,
  "13.5": 0.490855813026428,
  "14.0": 0.499858438968658,
  "14.5": 0.508701741695404,
  "15.0": 0.517393946647644,
  "15.5": 0.525942504405975,
  "16.0": 0.534354329109192,
  "16.5": 0.54263573884964,
  "17.0": 0.550792694091797,
  "17.5": 0.558830559253693,
  "18.0": 0.566754519939423,
  "18.5": 0.57456910610199,
  "19.0": 0.582278907299042,
  "19.5": 0.589887917041779,
  "20.0": 0.597400009632111,
  "20.5": 0.604823648929596,
  "21.0": 0.61215728521347,
  "21.5": 0.619404137134552,
  "22.0": 0.626567125320435,
  "22.5": 0.633649170398712,
  "23.0": 0.6406529545784,
  "23.5": 0.647580981254578,
  "24.0": 0.654435634613037,
  "24.5": 0.661219239234924,
  "25.0": 0.667934000492096,
  "25.5": 0.67458188533783,
  "26.0": 0.681164920330048,
  "26.5": 0.687684893608093,
  "27.0": 0.694143652915955,
  "27.5": 0.70054292678833,
  "28.0": 0.706884205341339,
  "28.5": 0.713169097900391,
  "29.0": 0.719399094581604,
  "29.5": 0.725575566291809,
  "30.0": 0.731700003147125,
  "30.5": 0.734741032123566,
  "31.0": 0.737769484519958,
  "31.5": 0.740785598754883,
  "32.0": 0.743789434432983,
  "32.5": 0.746781170368195,
  "33.0": 0.749761044979095,
  "33.5": 0.752729117870331,
  "34.0": 0.75568550825119,
  "34.5": 0.758630394935608,
  "35.0": 0.761563837528229,
  "35.5": 0.764486074447632,
  "36.0": 0.767397165298462,
  "36.5": 0.770297288894653,
  "37.0": 0.773186504840851,
  "37.5": 0.776064932346344,
  "38.0": 0.778932750225067,
  "38.5": 0.78179007768631,
  "39.0": 0.784636974334717,
  "39.5": 0.787473618984222,
  "40.0": 0.790300011634827,
  "40.5": 0.792803943157196,
  "41.0": 0.795300006866455,
  "41.5": 0.79780387878418,
  "42.0": 0.800300002098083,
  "42.5": 0.802803874015808,
  "43.0": 0.805299997329712,
  "43.5": 0.807803869247437,
  "44.0": 0.81029999256134,
  "44.5": 0.812803864479065,
  "45.0": 0.815299987792969,
  "45.5": 0.817803800106049,
  "46.0": 0.820299983024597,
  "46.5": 0.822803735733032,
  "47.0": 0.825299978256226,
  "47.5": 0.827803730964661,
  "48.0": 0.830299973487854,
  "48.5": 0.832803726196289,
  "49.0": 0.835300028324127,
  "49.5": 0.837803781032562,
  "50.0": 0.840300023555756,
  "50.5": 0.842803716659546,
  "51.0": 0.845300018787384
}
