{
  "1.0": 0.094,
  "1.5": 0.135137432,
  "2.0": 0.16639787,
  "2.5": 0.192650919,
  "3.0": 0.21573247
}
